{
  "val_2023": {
    "mae": 63.970365049623254,
    "rmse": 82.37369433510209
  },
  "test_2024": {
    "mae": 63.48476355204403,
    "rmse": 81.94077020623709
  }
}