{"mean": [26.5499354630526, 25.431026137463697, 15.46676347208777, 5.29891369059302, 5.762880027371093, 0.08497278655320939, 1.5617941271377864, 0.04784739006427304, 1.1893352694417554, 0.03628965803395287, 0.3631606969222662, 0.149257141744394, 0.08648696868305064, 0.1098510658396417, 0.6081666047244582, 0.15740293675535347, 0.6859016484668387, 0.6999872340650934, 0.6801748267294092, 0.380897771219701, 0.48169279747401256, 0.7213128624846374, 12.781784446595676, 3.5718780251694096, 1.6706195546950628, 173.36519845111326], "scale": [18.755251152272066, 18.039499048572914, 11.287728698884447, 4.129167908565636, 4.341012462983487, 0.4880415070786313, 1.6986998829224342, 0.07492677332376063, 1.606010565243734, 0.06926662685469095, 0.2395219197426835, 0.13133093098298815, 0.10027020520120318, 0.10683685868099714, 0.3667427291657753, 0.1697866151368827, 0.4353590338868824, 0.42732937922012365, 0.4393145234775969, 0.47041540558819117, 0.32258070433018715, 0.4189417282079221, 11.137726221263069, 3.41381884967509, 1.9713611782912948, 129.66762551374623], "cols": ["qb_dropbacks", "qb_pass_att", "qb_completions", "qb_ypa", "qb_ay_per_att", "qb_epa_per_db", "qb_sacks", "qb_sack_rate_db", "qb_scrambles", "qb_scramble_rate_db", "qb_depth_1_9_share", "qb_depth_10_19_share", "qb_depth_20p_share", "qb_depth_blos_share", "qb_shotgun_share_db", "qb_undercenter_share_db", "qb_pass_rate_h1_all", "qb_pass_rate_h2_all", "qb_pass_rate_neutral_h1", "qb_pass_rate_neutral_h2", "qb_ed_neutral_pass_rate", "qb_ed_pass_rate_all", "qb_neutral_db_per_game", "qb_rz_att", "qb_i10_att", "pass_yards"], "L": 6, "cross_season": true}