{
  "val_2023": {
    "mae": 63.2831720072754,
    "rmse": 81.54830662992293
  },
  "test_2024": {
    "mae": 63.38943733814082,
    "rmse": 81.70125817853243
  }
}