{
  "val_2023": {
    "mae": 21.437241745276538,
    "rmse": 28.62140773099305
  },
  "test_2024": {
    "mae": 22.604378007819214,
    "rmse": 29.865816960365933
  }
}