{
  "val_2023": {
    "mae": 21.437241745276538,
    "rmse": 28.62140773099305
  },
  "test_2024": {
    "mae": 22.604378007819214,
    "rmse": 29.865816960365933
  }
},
{
  "val_2023": {
    "mae": 21.40205552414732,
    "rmse": 28.31252893071646
  },
  "test_2024": {
    "mae": 22.514730531679177,
    "rmse": 29.754797393907694
  }
}
