{
  "val_2023": {
    "mae": 22.87583316545513,
    "rmse": 30.74319276539609
  },
  "test_2024": {
    "mae": 22.3934119773649,
    "rmse": 29.727607357849532
  }
}