{
  "val_2023": {
    "mae": 22.131066344486804,
    "rmse": 29.411243579203532
  },
  "test_2024": {
    "mae": 21.83999045217584,
    "rmse": 28.755509321656255
  }
}